id,longinName,longinPWD,longinNote
1,1,2,3
2,2,3,4
3,3,4,5
4,4,5,6
5,5,6,7
6,6,7,8
7,7,8,9
8,8,9,10
9,9,10,11
10,10,11,12
11,11,12,13
12,12,13,14
13,13,14,15
14,14,15,16
15,15,16,17
16,16,17,18
17,17,18,19
18,18,19,20
19,19,20,21
20,20,21,22
21,21,22,23
22,22,23,24
23,23,24,25
24,24,25,26
25,25,26,27
26,26,27,28
27,27,28,29
28,28,29,30
29,29,30,31
30,30,31,32
31,31,32,33
32,32,33,34
33,33,34,35
34,34,35,36
35,35,36,37
36,36,37,38
37,37,38,39
38,38,39,40
39,39,40,41
40,40,41,42
41,41,42,43
42,42,43,44
43,43,44,45
44,44,45,46
45,45,46,47
46,46,47,48
47,47,48,49
48,48,49,50
49,49,50,51
50,50,51,52
51,51,52,53
52,52,53,54
53,53,54,55
54,54,55,56
55,55,56,57
56,56,57,58
57,57,58,59
58,58,59,60
59,59,60,61
60,60,61,62
61,61,62,63
62,62,63,64
63,63,64,65
64,64,65,66
65,65,66,67
66,66,67,68
67,67,68,69
68,68,69,70
69,69,70,71
70,70,71,72
71,71,72,73
72,72,73,74
73,73,74,75
74,74,75,76
75,75,76,77
76,76,77,78
77,77,78,79
78,78,79,80
79,79,80,81
80,80,81,82
81,81,82,83
82,82,83,84
83,83,84,85
84,84,85,86
85,85,86,87
86,86,87,88
87,87,88,89
88,88,89,90
89,89,90,91
90,90,91,92
91,91,92,93
92,92,93,94
93,93,94,95
94,94,95,96
95,95,96,97
96,96,97,98
97,97,98,99
98,98,99,100
99,99,100,101
100,100,101,102
101,1,2,3
102,2,3,4
103,3,4,5
104,4,5,6
105,5,6,7
106,6,7,8
107,7,8,9
108,8,9,10
109,9,10,11
110,10,11,12
111,11,12,13
112,12,13,14
113,13,14,15
114,14,15,16
115,15,16,17
116,16,17,18
117,17,18,19
118,18,19,20
119,19,20,21
120,20,21,22
121,21,22,23
122,22,23,24
123,23,24,25
124,24,25,26
125,25,26,27
126,26,27,28
127,27,28,29
128,28,29,30
129,29,30,31
130,30,31,32
131,31,32,33
132,32,33,34
133,33,34,35
134,34,35,36
135,35,36,37
136,36,37,38
137,37,38,39
138,38,39,40
139,39,40,41
140,40,41,42
141,41,42,43
142,42,43,44
143,43,44,45
144,44,45,46
145,45,46,47
146,46,47,48
147,47,48,49
148,48,49,50
149,49,50,51
150,50,51,52
151,51,52,53
152,52,53,54
153,53,54,55
154,54,55,56
155,55,56,57
156,56,57,58
157,57,58,59
158,58,59,60
159,59,60,61
160,60,61,62
161,61,62,63
162,62,63,64
163,63,64,65
164,64,65,66
165,65,66,67
166,66,67,68
167,67,68,69
168,68,69,70
169,69,70,71
170,70,71,72
171,71,72,73
172,72,73,74
173,73,74,75
174,74,75,76
175,75,76,77
176,76,77,78
177,77,78,79
178,78,79,80
179,79,80,81
180,80,81,82
181,81,82,83
182,82,83,84
183,83,84,85
184,84,85,86
185,85,86,87
186,86,87,88
187,87,88,89
188,88,89,90
189,89,90,91
190,90,91,92
191,91,92,93
192,92,93,94
193,93,94,95
194,94,95,96
195,95,96,97
196,96,97,98
197,97,98,99
198,98,99,100
199,99,100,101
200,100,101,102
201,1,2,3
202,2,3,4
203,3,4,5
204,4,5,6
205,5,6,7
206,6,7,8
207,7,8,9
208,8,9,10
209,9,10,11
210,10,11,12
211,11,12,13
212,12,13,14
213,13,14,15
214,14,15,16
215,15,16,17
216,16,17,18
217,17,18,19
218,18,19,20
219,19,20,21
220,20,21,22
221,21,22,23
222,22,23,24
223,23,24,25
224,24,25,26
225,25,26,27
226,26,27,28
227,27,28,29
228,28,29,30
229,29,30,31
230,30,31,32
231,31,32,33
232,32,33,34
233,33,34,35
234,34,35,36
235,35,36,37
236,36,37,38
237,37,38,39
238,38,39,40
239,39,40,41
240,40,41,42
241,41,42,43
242,42,43,44
243,43,44,45
244,44,45,46
245,45,46,47
246,46,47,48
247,47,48,49
248,48,49,50
249,49,50,51
250,50,51,52
251,51,52,53
252,52,53,54
253,53,54,55
254,54,55,56
255,55,56,57
256,56,57,58
257,57,58,59
258,58,59,60
259,59,60,61
260,60,61,62
261,61,62,63
262,62,63,64
263,63,64,65
264,64,65,66
265,65,66,67
266,66,67,68
267,67,68,69
268,68,69,70
269,69,70,71
270,70,71,72
271,71,72,73
272,72,73,74
273,73,74,75
274,74,75,76
275,75,76,77
276,76,77,78
277,77,78,79
278,78,79,80
279,79,80,81
280,80,81,82
281,81,82,83
282,82,83,84
283,83,84,85
284,84,85,86
285,85,86,87
286,86,87,88
287,87,88,89
288,88,89,90
289,89,90,91
290,90,91,92
291,91,92,93
292,92,93,94
293,93,94,95
294,94,95,96
295,95,96,97
296,96,97,98
297,97,98,99
298,98,99,100
299,99,100,101
300,100,101,102
301,1,2,3
302,2,3,4
303,3,4,5
304,4,5,6
305,5,6,7
306,6,7,8
307,7,8,9
308,8,9,10
309,9,10,11
310,10,11,12
311,11,12,13
312,12,13,14
313,13,14,15
314,14,15,16
315,15,16,17
316,16,17,18
317,17,18,19
318,18,19,20
319,19,20,21
320,20,21,22
321,21,22,23
322,22,23,24
323,23,24,25
324,24,25,26
325,25,26,27
326,26,27,28
327,27,28,29
328,28,29,30
329,29,30,31
330,30,31,32
331,31,32,33
332,32,33,34
333,33,34,35
334,34,35,36
335,35,36,37
336,36,37,38
337,37,38,39
338,38,39,40
339,39,40,41
340,40,41,42
341,41,42,43
342,42,43,44
343,43,44,45
344,44,45,46
345,45,46,47
346,46,47,48
347,47,48,49
348,48,49,50
349,49,50,51
350,50,51,52
351,51,52,53
352,52,53,54
353,53,54,55
354,54,55,56
355,55,56,57
356,56,57,58
357,57,58,59
358,58,59,60
359,59,60,61
360,60,61,62
361,61,62,63
362,62,63,64
363,63,64,65
364,64,65,66
365,65,66,67
366,66,67,68
367,67,68,69
368,68,69,70
369,69,70,71
370,70,71,72
371,71,72,73
372,72,73,74
373,73,74,75
374,74,75,76
375,75,76,77
376,76,77,78
377,77,78,79
378,78,79,80
379,79,80,81
380,80,81,82
381,81,82,83
382,82,83,84
383,83,84,85
384,84,85,86
385,85,86,87
386,86,87,88
387,87,88,89
388,88,89,90
389,89,90,91
390,90,91,92
391,91,92,93
392,92,93,94
393,93,94,95
394,94,95,96
395,95,96,97
396,96,97,98
397,97,98,99
398,98,99,100
399,99,100,101
400,100,101,102
401,1,2,3
402,2,3,4
403,3,4,5
404,4,5,6
405,5,6,7
406,6,7,8
407,7,8,9
408,8,9,10
409,9,10,11
410,10,11,12
411,11,12,13
412,12,13,14
413,13,14,15
414,14,15,16
415,15,16,17
416,16,17,18
417,17,18,19
418,18,19,20
419,19,20,21
420,20,21,22
421,21,22,23
422,22,23,24
423,23,24,25
424,24,25,26
425,25,26,27
426,26,27,28
427,27,28,29
428,28,29,30
429,29,30,31
430,30,31,32
431,31,32,33
432,32,33,34
433,33,34,35
434,34,35,36
435,35,36,37
436,36,37,38
437,37,38,39
438,38,39,40
439,39,40,41
440,40,41,42
441,41,42,43
442,42,43,44
443,43,44,45
444,44,45,46
445,45,46,47
446,46,47,48
447,47,48,49
448,48,49,50
449,49,50,51
450,50,51,52
451,51,52,53
452,52,53,54
453,53,54,55
454,54,55,56
455,55,56,57
456,56,57,58
457,57,58,59
458,58,59,60
459,59,60,61
460,60,61,62
461,61,62,63
462,62,63,64
463,63,64,65
464,64,65,66
465,65,66,67
466,66,67,68
467,67,68,69
468,68,69,70
469,69,70,71
470,70,71,72
471,71,72,73
472,72,73,74
473,73,74,75
474,74,75,76
475,75,76,77
476,76,77,78
477,77,78,79
478,78,79,80
479,79,80,81
480,80,81,82
481,81,82,83
482,82,83,84
483,83,84,85
484,84,85,86
485,85,86,87
486,86,87,88
487,87,88,89
488,88,89,90
489,89,90,91
490,90,91,92
491,91,92,93
492,92,93,94
493,93,94,95
494,94,95,96
495,95,96,97
496,96,97,98
497,97,98,99
498,98,99,100
499,99,100,101
500,100,101,102
501,1,2,3
502,2,3,4
503,3,4,5
504,4,5,6
505,5,6,7
506,6,7,8
507,7,8,9
508,8,9,10
509,9,10,11
510,10,11,12
511,11,12,13
512,12,13,14
513,13,14,15
514,14,15,16
515,15,16,17
516,16,17,18
517,17,18,19
518,18,19,20
519,19,20,21
520,20,21,22
521,21,22,23
522,22,23,24
523,23,24,25
524,24,25,26
525,25,26,27
526,26,27,28
527,27,28,29
528,28,29,30
529,29,30,31
530,30,31,32
531,31,32,33
532,32,33,34
533,33,34,35
534,34,35,36
535,35,36,37
536,36,37,38
537,37,38,39
538,38,39,40
539,39,40,41
540,40,41,42
541,41,42,43
542,42,43,44
543,43,44,45
544,44,45,46
545,45,46,47
546,46,47,48
547,47,48,49
548,48,49,50
549,49,50,51
550,50,51,52
551,51,52,53
552,52,53,54
553,53,54,55
554,54,55,56
555,55,56,57
556,56,57,58
557,57,58,59
558,58,59,60
559,59,60,61
560,60,61,62
561,61,62,63
562,62,63,64
563,63,64,65
564,64,65,66
565,65,66,67
566,66,67,68
567,67,68,69
568,68,69,70
569,69,70,71
570,70,71,72
571,71,72,73
572,72,73,74
573,73,74,75
574,74,75,76
575,75,76,77
576,76,77,78
577,77,78,79
578,78,79,80
579,79,80,81
580,80,81,82
581,81,82,83
582,82,83,84
583,83,84,85
584,84,85,86
585,85,86,87
586,86,87,88
587,87,88,89
588,88,89,90
589,89,90,91
590,90,91,92
591,91,92,93
592,92,93,94
593,93,94,95
594,94,95,96
595,95,96,97
596,96,97,98
597,97,98,99
598,98,99,100
599,99,100,101
600,100,101,102
